phone_number,first_name,last_name,email
8931556275,Marylène,Rich,wrich0@illinois.edu
1738409306,Táng,Nield,rnield1@ibm.com
9241458301,Erwéi,Cuthbert,scuthbert2@sogou.com
4299119045,Céline,Simecek,asimecek3@ning.com
2498429399,Jú,Scoffham,rscoffham4@cmu.edu
1191483744,Pål,Warboy,cwarboy5@wordpress.com
1127937198,Maëlla,Henze,ghenze6@tinypic.com
8599770079,Thérèse,Farris,tfarris7@nifty.com
5051793216,Solène,Nangle,enangle8@chron.com
4936661694,Maï,Targe,starge9@elegantthemes.com
6074812546,Annotés,Scarlin,jscarlina@ebay.co.uk
6705454990,Åke,Lautie,tlautieb@berkeley.edu
5143432988,Simplifiés,Coughtrey,dcoughtreyc@moonfruit.com
8966437108,Marie-ève,Dainter,pdainterd@economist.com
8573994360,Loïc,Tripon,dtripone@sphinn.com
3323487859,Méthode,Barlace,sbarlacef@ustream.tv
3129487230,Angèle,Matiashvili,tmatiashvilig@techcrunch.com
8654951136,Yénora,Lacaze,tlacazeh@clickbank.net
1274169994,Daphnée,Pinchback,spinchbacki@printfriendly.com
5649106119,Östen,Ierland,cierlandj@cbsnews.com
7106432154,Zoé,Vuitton,rvuittonk@webmd.com
8744676875,Joséphine,De Filippis,sdefilippisl@wordpress.org
6976026304,Laïla,Bunton,ubuntonm@ow.ly
6962510381,Eloïse,Szimoni,zszimonin@youtu.be
7569124520,Solène,Jaxon,kjaxono@dell.com
9297970271,Solène,Connold,lconnoldp@imdb.com
4973415171,Néhémie,Campion,acampionq@gizmodo.com
1039054607,Athéna,Child,bchildr@comsenz.com
4577014883,Aí,Doubrava,ydoubravas@whitehouse.gov
8338351119,Simplifiés,Cars,mcarst@technorati.com
2673669197,Liè,Labat,tlabatu@zimbio.com
6135729845,Uò,Brissenden,fbrissendenv@dropbox.com
6657686757,Alizée,Howett,hhowettw@t-online.de
2501279405,Simplifiés,Sturte,dsturtex@gizmodo.com
7191076530,Chloé,Kyle,ckyley@wp.com
3482504767,Anaé,Pocknell,epocknellz@wired.com
9685491409,Naéva,Wait,twait10@skype.com
1006646231,Dù,Walesa,fwalesa11@tripod.com
4529766171,Lucrèce,Grealey,dgrealey12@accuweather.com
1827096478,Annotés,Melledy,cmelledy13@weebly.com
8458184920,Faîtes,Tomasz,ltomasz14@opensource.org
7668220222,Athéna,Klimaszewski,oklimaszewski15@hao123.com
2549205901,Céline,Whitrod,lwhitrod16@issuu.com
7264491205,Léa,Claiton,kclaiton17@indiatimes.com
4372917838,Eléa,Gepson,agepson18@weibo.com
8156280847,Göran,Jeves,cjeves19@washington.edu
5585097378,Marie-hélène,Crutchley,fcrutchley1a@psu.edu
9822515170,Östen,Southerill,fsoutherill1b@tuttocitta.it
6544353346,Bécassine,Savile,csavile1c@jimdo.com
4068026896,Méryl,Beauchop,ebeauchop1d@irs.gov
6727540244,Maëline,Maffei,pmaffei1e@webs.com
1187941992,Bérangère,Epple,nepple1f@imgur.com
3679624500,Lài,Dumsday,hdumsday1g@list-manage.com
6065071873,Eugénie,Klimowski,vklimowski1h@reference.com
4252475261,Léone,Domingues,ddomingues1i@woothemes.com
2741053465,Léandre,Durrington,cdurrington1j@cmu.edu
5787665579,Ruò,Gillbanks,lgillbanks1k@discovery.com
6941626223,Táng,Atwater,katwater1l@angelfire.com
8461620139,Annotés,Blazeby,mblazeby1m@sitemeter.com
7494616456,Aurélie,Di Francecshi,kdifrancecshi1n@bluehost.com
3425800081,Lài,Kelby,ekelby1o@digg.com
1989538771,Bérengère,Ravens,bravens1p@oracle.com
1394896004,Thérèse,Staneland,cstaneland1q@census.gov
2557091188,Maï,Dwight,wdwight1r@cbslocal.com
9796730236,Rachèle,Felton,mfelton1s@ebay.co.uk
4492042376,Maïlis,Vasilik,gvasilik1t@psu.edu
7342806706,Cléa,Ladyman,kladyman1u@vk.com
3062895222,Andréa,Poone,kpoone1v@newsvine.com
9908727451,Estée,Vasey,dvasey1w@cornell.edu
9946322100,Mélodie,Shafto,gshafto1x@hud.gov
6826408665,Personnalisée,Josilevich,fjosilevich1y@wikia.com
4072774006,Gérald,Sebley,tsebley1z@cnn.com
3463037802,Kévina,Porte,eporte20@purevolume.com
7987664914,Frédérique,Warke,ewarke21@weather.com
5937415769,Vérane,Edgerley,tedgerley22@list-manage.com
1857227596,Amélie,Dogg,adogg23@usgs.gov
8885540234,Cécile,Cabel,fcabel24@g.co
1978585920,Jú,Tetford,btetford25@wix.com
7853659068,Lóng,Standen,lstanden26@t-online.de
4822376644,Aí,Jurisch,cjurisch27@samsung.com
2235985812,Magdalène,Lownie,jlownie28@google.co.jp
6576637978,Fèi,Neale,eneale29@ovh.net
1812475856,Alizée,Aldrick,faldrick2a@discovery.com
2442339480,Vérane,Ruggier,cruggier2b@bravesites.com
8964295538,Cinéma,Adriano,madriano2c@moonfruit.com
4407751531,Bénédicte,Killingback,akillingback2d@usda.gov
3224756399,Dorothée,Chasmar,mchasmar2e@freewebs.com
5121305291,Mylène,Denys,jdenys2f@techcrunch.com
3708649189,Lorène,Edison,vedison2g@intel.com
9634975997,Angélique,Pol,mpol2h@123-reg.co.uk
9621436417,Léonore,Moscrop,amoscrop2i@jimdo.com
4014049416,Yóu,Haquin,mhaquin2j@ustream.tv
7212248992,Stéphanie,Livingston,clivingston2k@diigo.com
5866645282,Personnalisée,Valerio,evalerio2l@technorati.com
3046623641,Géraldine,Spratling,fspratling2m@drupal.org
4494921758,Ophélie,Sowray,psowray2n@diigo.com
4252069468,Maëlys,Vasic,avasic2o@yale.edu
6259153158,Céline,Stean,mstean2p@newsvine.com
4024614377,Géraldine,Tante,otante2q@gnu.org
6036864983,Andrée,Bartelot,mbartelot2r@sbwire.com
5935074510,Yú,Aylmer,maylmer2s@sitemeter.com
5235072690,Ráo,Rigmond,grigmond2t@hubpages.com
3229605519,Michèle,Gallacher,agallacher2u@sina.com.cn
1865312067,Réjane,Bear,nbear2v@engadget.com
8169898130,Michèle,Bolus,bbolus2w@discovery.com
4432294351,Frédérique,Djakovic,cdjakovic2x@infoseek.co.jp
2106982023,Laurène,Glamart,iglamart2y@cmu.edu
9198555353,Hélèna,Valerio,mvalerio2z@dailymotion.com
8509769815,Géraldine,Fipp,bfipp30@taobao.com
1383328468,Gaëlle,Shivlin,kshivlin31@tumblr.com
4314520841,Märta,Meffin,cmeffin32@purevolume.com
4793906802,Vénus,Gauge,cgauge33@hud.gov
6984703070,Görel,Mousley,smousley34@scientificamerican.com
9132096738,Måns,Plumptre,cplumptre35@discuz.net
9629000290,Mélinda,Rodder,frodder36@sakura.ne.jp
7527836603,Salomé,A'field,safield37@exblog.jp
6838593461,Océanne,Rackham,grackham38@sina.com.cn
3423114215,Angélique,Gartenfeld,agartenfeld39@51.la
1267828482,Aloïs,Turner,fturner3a@g.co
4605749881,Salomé,Kingsly,bkingsly3b@smugmug.com
2298262542,Cloé,Hutcheon,phutcheon3c@topsy.com
8761253460,Maïwenn,Sinott,ssinott3d@digg.com
5103353170,Maëly,Frangello,cfrangello3e@etsy.com
2882923474,Vérane,Oakinfold,toakinfold3f@reuters.com
2887899000,Danièle,Ricca,kricca3g@blogs.com
6161525166,Hélèna,Pero,jpero3h@smh.com.au
9037047811,Sélène,Stieger,cstieger3i@epa.gov
7937936614,Mylène,Meas,dmeas3j@mayoclinic.com
7048886230,Bénédicte,Gosneye,bgosneye3k@infoseek.co.jp
9124659355,Märta,Mazzei,amazzei3l@usa.gov
1841969903,Rébecca,Demeza,jdemeza3m@dagondesign.com
7623166633,Almérinda,Newcome,anewcome3n@hexun.com
2143735769,Adélaïde,Stabbins,hstabbins3o@de.vu
9717097908,Cléopatre,Dawe,jdawe3p@thetimes.co.uk
1804598378,Andréanne,Bernardos,ebernardos3q@scientificamerican.com
1681680644,Maïté,Grigoryov,agrigoryov3r@gizmodo.com
4695374435,Danièle,Pessel,spessel3s@imageshack.us
3508101001,Léonie,Delves,gdelves3t@dailymail.co.uk
4671208234,Cécile,de Mendoza,bdemendoza3u@cmu.edu
2272257144,Illustrée,Skelhorn,askelhorn3v@adobe.com
7894742660,Josée,Erie,eerie3w@cbslocal.com
4509492684,Salomé,Mullarkey,smullarkey3x@npr.org
4271915731,Josée,Rosell,hrosell3y@vimeo.com
4248450215,Anaé,Shoard,rshoard3z@china.com.cn
3226926652,Börje,Entres,mentres40@businessweek.com
3019063172,Pò,Crosson,acrosson41@a8.net
8164795825,Loïc,Salvador,asalvador42@hubpages.com
1674603377,Maéna,Crohan,ncrohan43@twitpic.com
2041872954,Estée,Richold,arichold44@hud.gov
6747758042,Östen,Ferres,jferres45@tumblr.com
6136864387,Lyséa,Ferries,rferries46@google.fr
3637179682,Adélie,Sazio,jsazio47@themeforest.net
8346544460,Kallisté,Breckon,hbreckon48@qq.com
5516502188,Björn,Dorow,adorow49@chicagotribune.com
4823884831,Dorothée,Bonhomme,vbonhomme4a@hc360.com
3451074031,Mélodie,Ellerbeck,gellerbeck4b@tinyurl.com
1096469258,Vérane,De Freitas,ldefreitas4c@mapy.cz
7379372722,Gisèle,Gerler,kgerler4d@moonfruit.com
2345023146,Cléa,Melendez,cmelendez4e@godaddy.com
3938982454,Anaé,Suddards,ksuddards4f@guardian.co.uk
1492981779,Tú,Ginger,bginger4g@craigslist.org
3194721534,Annotée,Gowan,dgowan4h@tmall.com
1712584821,Maëline,Geldert,wgeldert4i@ibm.com
3702910147,Cunégonde,Cheese,tcheese4j@amazon.co.jp
3519863120,Lèi,Smullin,vsmullin4k@wunderground.com
5914275027,Judicaël,Le Borgne,rleborgne4l@yolasite.com
3536552306,Maëlla,Joscelyn,cjoscelyn4m@trellian.com
3944606140,Táng,Menier,cmenier4n@dagondesign.com
4025283829,Angèle,Sowten,dsowten4o@loc.gov
5964921568,Torbjörn,Bridge,sbridge4p@fema.gov
8726170833,Michèle,Klass,cklass4q@phpbb.com
8817107915,Médiamass,Pedro,apedro4r@ning.com
6461315484,Gaëlle,Arnould,carnould4s@purevolume.com
3543487519,Béatrice,Mullany,jmullany4t@rakuten.co.jp
1926874730,Maï,McMichael,mmcmichael4u@flickr.com
4607971565,Valérie,McGuiney,cmcguiney4v@wikia.com
5004154240,Clémence,Aughton,haughton4w@archive.org
2404410626,Cloé,Tivnan,mtivnan4x@desdev.cn
3576880144,Médiamass,Maidment,smaidment4y@miitbeian.gov.cn
4504653869,Lén,de Lloyd,hdelloyd4z@instagram.com
9012842173,Marie-hélène,Arnolds,marnolds50@tuttocitta.it
3514868731,Danièle,Schubuser,rschubuser51@sitemeter.com
5865648783,Cécilia,Claque,dclaque52@mtv.com
8364886180,Görel,Growy,rgrowy53@prweb.com
4792953825,Cléa,Grindall,wgrindall54@51.la
4022451702,Östen,Cassedy,jcassedy55@cornell.edu
8713233082,Aurélie,Mertsching,omertsching56@wp.com
3723796922,Yénora,Dryden,idryden57@nba.com
4837236298,Tán,Wilby,lwilby58@godaddy.com
4036074636,Gérald,Water,bwater59@miibeian.gov.cn
1075474201,Ruò,Galiero,sgaliero5a@barnesandnoble.com
5859899870,Mylène,Rossant,irossant5b@loc.gov
5454222078,Angélique,Kidman,okidman5c@webs.com
1867997310,Eléonore,Kohring,tkohring5d@earthlink.net
3655535494,André,Kaasmann,akaasmann5e@gov.uk
1601930700,Ruì,Strowlger,cstrowlger5f@cbslocal.com
4301265043,Mélia,Shoebridge,oshoebridge5g@multiply.com
8805441463,Marie-noël,Aldwick,ualdwick5h@examiner.com
2389097768,Félicie,Haquin,shaquin5i@nationalgeographic.com
8589903284,Publicité,Daintrey,gdaintrey5j@toplist.cz
5534736659,Gérald,Landreth,jlandreth5k@cnet.com
8262512712,Audréanne,Howsley,ghowsley5l@webmd.com
2716026868,Nuó,Vasilyonok,bvasilyonok5m@deviantart.com
7042578113,Chloé,Howley,showley5n@bloomberg.com
3312223287,Mélinda,Lydden,alydden5o@soundcloud.com
8326057361,Mélodie,Teodorski,mteodorski5p@answers.com
5506331205,Véronique,Bellas,dbellas5q@symantec.com
7914866725,Bérénice,Weiser,aweiser5r@sun.com
9378321259,Anaé,Tanton,ftanton5s@mediafire.com
5127229625,Maëlyss,Branch,sbranch5t@ycombinator.com
4701606768,Maëline,Akister,aakister5u@spiegel.de
8113883041,Naéva,Brislen,hbrislen5v@dailymotion.com
1465442236,Gaétane,Adamovsky,aadamovsky5w@google.nl
8223931601,Maëline,Fossick,kfossick5x@webeden.co.uk
3581877905,Méryl,Beacham,jbeacham5y@fotki.com
2645449708,Örjan,Slowcock,oslowcock5z@state.gov
1904724601,Méline,Carle,ncarle60@ning.com
4757049541,Naëlle,Markovic,smarkovic61@nasa.gov
7558147757,Wá,Feldklein,dfeldklein62@mozilla.org
4359615789,Eloïse,Hamm,ghamm63@instagram.com
3862200225,Léone,Whifen,bwhifen64@lulu.com
5224439513,Valérie,Ansill,bansill65@tamu.edu
8971502744,Mélanie,Lamort,glamort66@rakuten.co.jp
5913119205,Adélie,Sahnow,asahnow67@sourceforge.net
6257329981,Eloïse,Scyner,ascyner68@indiatimes.com
5353907399,Ruò,Hurdiss,dhurdiss69@booking.com
1673186215,Thérèse,Frantzen,ofrantzen6a@ted.com
4908276638,Agnès,Yarham,nyarham6b@columbia.edu
9131999417,Félicie,Arden,narden6c@home.pl
2508640281,Aimée,Spary,lspary6d@webeden.co.uk
4347630112,Océanne,Thomesson,wthomesson6e@i2i.jp
3382431921,Clémence,Gaiter,lgaiter6f@umich.edu
6865036707,Maïly,Merrington,dmerrington6g@eepurl.com
1678911518,Sélène,Teague,cteague6h@pen.io
3549594448,Loïca,Spindler,ospindler6i@paginegialle.it
7406415280,Rachèle,Bontine,cbontine6j@facebook.com
4299294587,Méng,Yakushkin,ryakushkin6k@eepurl.com
1336366311,Cécile,Eastgate,geastgate6l@google.cn
9023871455,Estée,Thurstance,dthurstance6m@yellowbook.com
4284017713,Ruò,Briscow,ebriscow6n@flavors.me
4472922693,Göran,Doleman,rdoleman6o@shareasale.com
4968191429,Eliès,Gallehock,jgallehock6p@umn.edu
8776372793,Rachèle,Buzzing,jbuzzing6q@photobucket.com
8111010163,Méthode,Davenell,fdavenell6r@sitemeter.com
4186046767,Miléna,Jerzyk,ejerzyk6s@bizjournals.com
6674023565,Réservés,Bonnyson,mbonnyson6t@nba.com
3424146644,Mélanie,Willmett,twillmett6u@loc.gov
6661086696,Joséphine,Mourant,rmourant6v@hatena.ne.jp
8237001809,Ophélie,Fawlks,rfawlks6w@symantec.com
5074199411,Lóng,Highwood,jhighwood6x@mail.ru
7088508347,Maëlle,Banfield,cbanfield6y@unc.edu
4712154311,Mén,Miner,dminer6z@so-net.ne.jp
3027723536,Maëlys,Smellie,gsmellie70@amazon.co.uk
3504888450,Néhémie,Heild,theild71@earthlink.net
3398825012,Nélie,Conkling,jconkling72@live.com
1571137548,Mylène,Coltan,scoltan73@businesswire.com
8177138618,Zhì,Fiske,tfiske74@trellian.com
7753781711,Véronique,Stagge,dstagge75@nydailynews.com
6045343745,Danièle,Gotmann,lgotmann76@spiegel.de
6183205806,Méng,Welbelove,bwelbelove77@pen.io
1121655374,Noëlla,Berthot,hberthot78@indiatimes.com
4822981913,Méghane,Grimditch,bgrimditch79@icq.com
9248823039,Léane,Guinnane,rguinnane7a@canalblog.com
1266330732,Léa,Verbruggen,mverbruggen7b@topsy.com
9897733320,Maïlis,Arthur,marthur7c@marriott.com
9417776024,Uò,Mingardo,amingardo7d@cpanel.net
2828953045,Loïca,Chomley,gchomley7e@edublogs.org
2138990767,Marie-josée,Grollmann,sgrollmann7f@biglobe.ne.jp
6952994916,Josée,Bulstrode,sbulstrode7g@flickr.com
3026755257,Cléopatre,Davenhill,edavenhill7h@bloomberg.com
8902730703,Clélia,Arran,carran7i@nasa.gov
6587577009,Michèle,Starbeck,dstarbeck7j@example.com
8005995159,Lauréna,Jellico,tjellico7k@furl.net
9682841939,Maéna,Tuckwell,mtuckwell7l@cnet.com
7421461214,Gérald,Mulderrig,lmulderrig7m@g.co
5234108429,Fèi,Suff,asuff7n@cdbaby.com
2579367854,Célestine,Dorling,hdorling7o@mapquest.com
2382830252,Börje,Millis,smillis7p@usgs.gov
9021067526,Géraldine,Hillen,phillen7q@qq.com
5951940795,Maïwenn,Penddreth,cpenddreth7r@prnewswire.com
6151515948,Léana,Davis,sdavis7s@freewebs.com
6968459222,Maëlla,Finney,sfinney7t@si.edu
8883451663,Marie-françoise,Cases,ccases7u@webmd.com
5048840432,Garçon,Whybray,bwhybray7v@seesaa.net
3177790638,Lèi,Hartup,dhartup7w@archive.org
6376297529,Håkan,Spellard,yspellard7x@sohu.com
5438127840,Marie-thérèse,Pickover,lpickover7y@google.co.uk
5172892319,Clémentine,Marchington,wmarchington7z@altervista.org
3391065837,Léa,Boughen,dboughen80@phoca.cz
5053943605,Méryl,Craghead,acraghead81@de.vu
6607729642,Cunégonde,Ernke,aernke82@fema.gov
6615296278,Thérèsa,Gaunt,kgaunt83@phpbb.com
9117550985,Yénora,Abramowitz,vabramowitz84@theglobeandmail.com
7375466324,Mélinda,Marley,mmarley85@google.co.uk
8433208766,Gisèle,Lamport,alamport86@globo.com
3696738693,Nuó,Boc,dboc87@1und1.de
6688058387,Gwenaëlle,Mattingly,wmattingly88@fastcompany.com
8861383692,Naëlle,O'Hanlon,nohanlon89@prweb.com
5728110155,Léone,Reddings,mreddings8a@drupal.org
4504259662,Erwéi,Nunnerley,wnunnerley8b@jiathis.com
8191351268,Néhémie,Dole,kdole8c@webs.com
2695536361,Åsa,Nevins,cnevins8d@typepad.com
2236996624,Camélia,McKinnon,kmckinnon8e@newyorker.com
4045807665,Marie-noël,Juggings,ljuggings8f@telegraph.co.uk
4662636686,Lauréna,Sellan,osellan8g@google.cn
7199670634,Dorothée,Kira,dkira8h@cnn.com
1886936613,Vérane,Hammell,phammell8i@vimeo.com
9825572020,Östen,Sokale,hsokale8j@ed.gov
7519449181,Garçon,Lawley,slawley8k@intel.com
8347932139,Valérie,Vitte,avitte8l@msu.edu
1832536795,Naéva,Bensusan,ebensusan8m@oakley.com
4716656318,Anaé,Ruddiforth,truddiforth8n@bing.com
8779312104,Laurène,Nisbet,inisbet8o@photobucket.com
7112106290,Kévina,Dudin,edudin8p@springer.com
1499632094,Pò,Ewert,aewert8q@google.it
4727678513,Tú,Thundercliffe,rthundercliffe8r@wix.com
5659693153,Lyséa,Shimony,rshimony8s@elegantthemes.com
8575566926,Hélèna,Trassler,ctrassler8t@ibm.com
9479317028,Torbjörn,Burgane,tburgane8u@answers.com
5984209315,Maëly,Duigenan,cduigenan8v@com.com
2037362941,Clélia,Pizey,hpizey8w@sina.com.cn
7943632105,Mélia,Sutch,ksutch8x@imdb.com
9172338306,Maëlys,Gusney,agusney8y@latimes.com
9776823830,Marylène,Esposi,gesposi8z@toplist.cz
6687482163,Athéna,Scrimgeour,lscrimgeour90@skype.com
5023369853,Åke,Mapowder,hmapowder91@about.me
9965508257,Zhì,Kuzma,hkuzma92@aboutads.info
2867844002,Méthode,Garlette,agarlette93@people.com.cn
4423199390,Michèle,Annetts,jannetts94@usgs.gov
6435306005,Zoé,Selwyn,hselwyn95@ow.ly
5755170296,Estève,Vickerstaff,rvickerstaff96@disqus.com
4084715104,Néhémie,Gornall,lgornall97@mashable.com
2251166676,Bérénice,Downer,mdowner98@google.co.uk
7845716990,Marie-josée,Dunsmore,ndunsmore99@alexa.com
1831459091,Erwéi,Kleynen,ekleynen9a@independent.co.uk
7145086502,Måns,Shawcross,rshawcross9b@bloglovin.com
5175307975,Loïca,Cowey,acowey9c@ocn.ne.jp
4234127403,Mahélie,Hackly,dhackly9d@fotki.com
8098374318,Réjane,Oakinfold,coakinfold9e@nsw.gov.au
2334484661,Miléna,Whitechurch,cwhitechurch9f@wp.com
7494172320,Lèi,Baldacchino,wbaldacchino9g@harvard.edu
8038664624,Célestine,Metzke,hmetzke9h@phpbb.com
4997918516,Laurène,Yole,myole9i@salon.com
4794939074,Séréna,Boldecke,mboldecke9j@accuweather.com
5151509382,Mà,Basham,gbasham9k@utexas.edu
8659536372,Faîtes,Vido,nvido9l@digg.com
8262582300,Gaëlle,Hacket,jhacket9m@prnewswire.com
3863012627,Märta,Wemyss,swemyss9n@irs.gov
1316960609,Lorène,Fearnehough,nfearnehough9o@omniture.com
2079674507,Stéphanie,Cuddihy,ecuddihy9p@hud.gov
3546081803,Tán,Dawid,mdawid9q@dmoz.org
2863026989,Lucrèce,Winnard,owinnard9r@altervista.org
9849998496,Gisèle,Antley,mantley9s@over-blog.com
6208321187,Estève,Copp,acopp9t@guardian.co.uk
6376705933,Hélène,Calverley,vcalverley9u@blogspot.com
2702940677,Marie-ève,Lagen,olagen9v@cafepress.com
9395147151,Vénus,Fauguel,ffauguel9w@loc.gov
7939545147,Médiamass,Churching,jchurching9x@joomla.org
6022960846,Mélia,Guild,oguild9y@squidoo.com
9185790626,Marie-noël,Eitter,eeitter9z@unesco.org
4531928836,Maëlys,Gaishson,cgaishsona0@tinypic.com
8182461992,Noëlla,Biffin,vbiffina1@ow.ly
5534829888,Renée,Mattessen,rmattessena2@tamu.edu
8529500730,Cléopatre,Thorwarth,cthorwartha3@yandex.ru
7548788148,Anaëlle,Goulding,ngouldinga4@merriam-webster.com
5851752751,Léane,Goulbourne,mgoulbournea5@twitpic.com
6162060059,Bénédicte,Maher,mmahera6@forbes.com
5515324048,Maïlis,Vankeev,bvankeeva7@prlog.org
9052147961,Léonore,Cosyns,rcosynsa8@usda.gov
6349354502,Naéva,Lockhart,nlockharta9@squidoo.com
2092804428,Esbjörn,Thackston,cthackstonaa@istockphoto.com
5433257798,Geneviève,Elsmor,celsmorab@devhub.com
5884165273,Salomé,Laker,mlakerac@unicef.org
4161161485,Judicaël,Creggan,bcregganad@ihg.com
7367916747,Sòng,Shirer,ashirerae@furl.net
8722961441,Lóng,Lorkings,rlorkingsaf@nydailynews.com
4484696941,Amélie,Marousek,vmarousekag@nps.gov
4088832019,Félicie,Spini,nspiniah@stanford.edu
1893080021,Hélèna,Rankin,hrankinai@cargocollective.com
5707505746,Marie-ève,Simioni,gsimioniaj@usa.gov
5622384892,Cléopatre,Samart,csamartak@github.com
6001877114,Mélissandre,Goodyer,mgoodyeral@smugmug.com
2872644230,Almérinda,Estabrook,restabrookam@networkadvertising.org
3033287711,Pénélope,Wealleans,dwealleansan@google.it
7419929820,Pål,Musk,gmuskao@free.fr
5972846117,Marie-hélène,Guilleton,eguilletonap@nytimes.com
4516120029,Lucrèce,Rouf,mroufaq@berkeley.edu
7522818902,Loïc,Espina,kespinaar@slate.com
2545857213,Noëlla,Clavering,mclaveringas@reddit.com
3608991370,Mélissandre,Wyman,awymanat@prnewswire.com
6891189698,Illustrée,Gaddes,dgaddesau@dmoz.org
8586858412,Nélie,Nuzzetti,onuzzettiav@java.com
4545820925,Mélodie,Gally,hgallyaw@toplist.cz
2304960428,Méryl,Dyne,mdyneax@goo.gl
4554152278,Océanne,Benoix,dbenoixay@weibo.com
2408217146,Åsa,McCreary,amccrearyaz@cdbaby.com
8374235043,Maëlle,Zorzin,fzorzinb0@usnews.com
3268446535,Mén,Schulter,nschulterb1@free.fr
7836278902,Lén,Joisce,bjoisceb2@lycos.com
7133615222,Göran,Woodbridge,swoodbridgeb3@multiply.com
9113603520,Mégane,Huggett,fhuggettb4@adobe.com
6279770341,Méthode,Grisbrook,rgrisbrookb5@upenn.edu
4507007804,Björn,Croster,pcrosterb6@shareasale.com
7628615491,Yóu,Czajkowska,lczajkowskab7@google.com.au
4757208877,Styrbjörn,Jacobson,ijacobsonb8@woothemes.com
1222560415,Dorothée,Aylmore,eaylmoreb9@163.com
6923759531,Néhémie,Bartoleyn,lbartoleynba@google.es
3849143212,Anaé,Siddeley,ssiddeleybb@google.it
2968066760,Maïly,Minchindon,mminchindonbc@slate.com
8545791227,Mélodie,Viste,jvistebd@illinois.edu
4713110198,Vérane,Barrable,rbarrablebe@cbc.ca
6316414516,Athéna,Mabbs,gmabbsbf@theatlantic.com
9428932317,Andrée,Cicchetto,lcicchettobg@ebay.com
1495002546,Jú,Appleby,mapplebybh@wix.com
1452686438,Maëlyss,Slayny,dslaynybi@trellian.com
8705223339,Simplifiés,D'Antoni,tdantonibj@nifty.com
1593814479,Björn,Caesar,mcaesarbk@people.com.cn
8519317269,Cloé,Bickerstaffe,sbickerstaffebl@yahoo.com
7193924996,Lài,d'Arcy,gdarcybm@china.com.cn
8398488867,Styrbjörn,McTrustam,lmctrustambn@newyorker.com
3072980460,Renée,Cromar,bcromarbo@amazon.co.jp
1905095807,Andréanne,Strong,vstrongbp@edublogs.org
2781134458,Léandre,Ballendine,mballendinebq@columbia.edu
6314872702,Gwenaëlle,Counihan,fcounihanbr@wsj.com
6747078491,Lyséa,Baudins,jbaudinsbs@biglobe.ne.jp
3314649238,Méthode,Edgerley,redgerleybt@istockphoto.com
9146665316,Björn,Earp,learpbu@mac.com
8333187033,Illustrée,Mattiessen,bmattiessenbv@pbs.org
6718753368,Intéressant,Skett,gskettbw@hostgator.com
1108605248,Faîtes,Durnell,wdurnellbx@washington.edu
6048651814,Dorothée,Kerans,lkeransby@freewebs.com
7367583923,Néhémie,Wickwar,lwickwarbz@last.fm
2068335213,Björn,Woodburne,bwoodburnec0@symantec.com
7298915816,Stévina,Calderon,lcalderonc1@npr.org
2069815251,Maïly,Filchagin,mfilchaginc2@bandcamp.com
5976744081,Méthode,Skingley,askingleyc3@mayoclinic.com
2021560363,Méng,Axell,baxellc4@ow.ly
5625708245,Cécilia,Kyte,akytec5@ameblo.jp
6122468649,Aí,Hampton,ehamptonc6@time.com
1359649744,Stévina,Hinge,bhingec7@facebook.com
5504576138,Yóu,Howick,uhowickc8@cdbaby.com
8084474153,Maïlys,Leonardi,wleonardic9@google.com.br
6275402779,Erwéi,Morecomb,amorecombca@ucsd.edu
6428706296,Clémentine,Sheeran,usheerancb@mlb.com
2409573549,Ophélie,Oxherd,aoxherdcc@sphinn.com
2429470578,Maëlyss,Dacombe,bdacombecd@digg.com
9961356822,Loïc,Hulks,chulksce@meetup.com
8255694848,Estée,Houldey,chouldeycf@newyorker.com
7914498679,Gösta,Giametti,agiametticg@diigo.com
3467195691,Andrée,Henrion,chenrionch@eventbrite.com
2094048551,Cinéma,Glantz,rglantzci@eepurl.com
3187159699,Desirée,Maryet,hmaryetcj@newyorker.com
5479153414,Mylène,Burfield,bburfieldck@edublogs.org
2099553567,Maïly,Cliss,eclisscl@godaddy.com
5911435407,Yáo,Folker,vfolkercm@globo.com
1526823695,Örjan,D'orsay,mdorsaycn@sciencedirect.com
8186565350,Anaé,Moody,umoodyco@nyu.edu
1188817428,Clémence,Patrone,tpatronecp@opensource.org
6469440853,Styrbjörn,Whatham,cwhathamcq@indiatimes.com
1919921167,Mélina,Bickmore,jbickmorecr@tmall.com
8531942794,Personnalisée,Nightingale,onightingalecs@tripod.com
5647194023,Adélaïde,De La Haye,tdelahayect@unicef.org
4021594784,Cécile,Powdrill,dpowdrillcu@google.com.hk
8502607208,Lèi,Candy,scandycv@nbcnews.com
7038533137,Estève,Trimble,ftrimblecw@dyndns.org
8066302669,Mélys,Torrent,gtorrentcx@seattletimes.com
5518456414,Anaëlle,Woodcroft,awoodcroftcy@blogs.com
3582497596,Joséphine,Balharry,jbalharrycz@comcast.net
2157846396,Fèi,Dauby,ndaubyd0@jugem.jp
1516089745,Adèle,Turri,rturrid1@independent.co.uk
7177199133,Yóu,D'Aeth,adaethd2@epa.gov
9418033051,Aurélie,Dunsire,fdunsired3@indiegogo.com
8552071078,Vénus,Priddy,cpriddyd4@lycos.com
6775386944,Angélique,Eat,ceatd5@phoca.cz
2239866779,Loïc,Rawlcliffe,rrawlcliffed6@dot.gov
4639625082,Kallisté,Poolman,npoolmand7@sciencedaily.com
3471172168,Marie-thérèse,Clemes,aclemesd8@apache.org
6416477110,Léone,Duley,cduleyd9@bbc.co.uk
8129390661,Béatrice,Scollard,rscollardda@amazon.co.jp
3263605794,Bénédicte,Tibbles,stibblesdb@sciencedirect.com
8699017000,Gaïa,Janikowski,ejanikowskidc@woothemes.com
2726351973,Marie-ève,Rickford,arickforddd@squidoo.com
7629103547,Andréanne,Bentame,mbentamede@upenn.edu
4182757713,Cécile,Gerard,pgerarddf@timesonline.co.uk
6538230404,Clélia,Shiel,fshieldg@github.com
3302672186,Maéna,Breitler,abreitlerdh@shop-pro.jp
7221067669,Mélinda,Denziloe,rdenziloedi@wufoo.com
6671736369,Tán,Michin,dmichindj@chronoengine.com
3509456127,Yóu,Rankcom,krankcomdk@java.com
1438044928,Cunégonde,Grumley,pgrumleydl@omniture.com
4318462122,Publicité,Leile,kleiledm@oakley.com
7582476631,Maëlyss,Soutter,esoutterdn@ask.com
9616716136,Joséphine,Blayd,dblayddo@wikipedia.org
1498967664,Gaëlle,Papps,kpappsdp@dedecms.com
7894182580,Mårten,Ramm,mrammdq@answers.com
6171381646,Loïs,Showt,jshowtdr@so-net.ne.jp
1539141474,Bécassine,Witts,lwittsds@abc.net.au
1584621909,Styrbjörn,Goldby,igoldbydt@google.ca
5039047604,Sòng,Petkens,jpetkensdu@wp.com
1086000995,Marie-hélène,Lewton,alewtondv@mayoclinic.com
5884497761,Angèle,Piet,vpietdw@tinypic.com
9077493184,Stévina,Klossek,cklossekdx@miibeian.gov.cn
2644607437,Adélaïde,Murrells,kmurrellsdy@icq.com
9134627769,Loïca,Wyldish,jwyldishdz@google.com.br
2253746736,Thérèsa,Cleynaert,pcleynaerte0@statcounter.com
7238833046,Maëlys,Innot,iinnote1@thetimes.co.uk
8492560928,Gösta,Verriour,bverrioure2@guardian.co.uk
2544734282,Maëlla,McGeechan,amcgeechane3@vk.com
8056948110,Sòng,Bunton,bbuntone4@economist.com
3815917696,Personnalisée,Emmines,cemminese5@umich.edu
5054044813,Faîtes,Paule,npaulee6@posterous.com
8172239144,Marlène,Southwick,asouthwicke7@symantec.com
1865760413,Illustrée,Steane,bsteanee8@engadget.com
4511517517,Andrée,Scowen,sscowene9@over-blog.com
3672400307,Åsa,Darell,gdarellea@ucsd.edu
3473151185,Léone,Cumberland,tcumberlandeb@yahoo.co.jp
8299847388,Yú,Wardingly,lwardinglyec@printfriendly.com
9253576901,Naéva,Brumbye,jbrumbyeed@chicagotribune.com
9153241675,Frédérique,Dewes,tdewesee@oaic.gov.au
5221488080,Judicaël,Jewson,mjewsonef@whitehouse.gov
6633859222,Wá,Grayshon,mgrayshoneg@homestead.com
4077472715,Félicie,Scothron,kscothroneh@squarespace.com
8905320941,Zoé,McSharry,gmcsharryei@sciencedirect.com
2027905860,Dà,Treharne,btreharneej@skype.com
2699621697,Maëly,Teresa,jteresaek@tinypic.com
7902348874,Bérénice,Berrey,bberreyel@constantcontact.com
9634964969,Valérie,Snoddin,wsnoddinem@nih.gov
7688843680,Almérinda,Impy,himpyen@i2i.jp
8054752110,André,Woodburne,nwoodburneeo@nhs.uk
5451708437,Cléopatre,Purves,dpurvesep@cmu.edu
5323486613,Mélissandre,Mangam,nmangameq@fastcompany.com
4537305362,Naëlle,Phibb,jphibber@state.gov
7861717130,Miléna,Digweed,pdigweedes@discuz.net
2629013992,Desirée,Gonsalvo,cgonsalvoet@nasa.gov
3123260738,Cléa,Croot,rcrooteu@cnet.com
3835881005,Tú,Bygrave,abygraveev@nhs.uk
3371851261,Uò,Slany,dslanyew@yellowbook.com
4889708219,Faîtes,Penlington,npenlingtonex@bandcamp.com
3789862297,Josée,Christley,nchristleyey@loc.gov
2726025924,Desirée,Weall,lweallez@wisc.edu
9656871146,Aí,Rosencrantz,erosencrantzf0@biblegateway.com
5475914388,Aurélie,Dobrowlski,kdobrowlskif1@posterous.com
1835811438,Gaëlle,Spurriar,nspurriarf2@arizona.edu
4173070449,Inès,Beglin,dbeglinf3@symantec.com
7758012535,Måns,Shorton,bshortonf4@sciencedirect.com
1496123908,Ruì,Murrow,jmurrowf5@sitemeter.com
2847131086,Anaïs,Dickings,gdickingsf6@cbc.ca
9382376675,Méng,Gillings,egillingsf7@twitter.com
4655625239,Maïly,Molder,mmolderf8@yahoo.com
3982873069,Naéva,Beccles,obecclesf9@nasa.gov
7617432527,Adélie,Koomar,bkoomarfa@hp.com
4804421076,Léonie,Niess,rniessfb@npr.org
7266246391,Maëly,Adshede,cadshedefc@g.co
7999598093,Cloé,Gullberg,ygullbergfd@goo.ne.jp
5125494396,Inès,Blagdon,rblagdonfe@youtube.com
2499133395,Maïté,Birtle,ebirtleff@technorati.com
4326203913,Maëlle,Considine,rconsidinefg@blinklist.com
1253903614,Bénédicte,Kennedy,kkennedyfh@uol.com.br
5673926892,Annotée,Goody,agoodyfi@techcrunch.com
6409385742,Styrbjörn,Gilphillan,mgilphillanfj@list-manage.com
3797199298,Gaétane,Burtwell,cburtwellfk@mayoclinic.com
4279823157,Simplifiés,Grist,ggristfl@booking.com
7483082999,Yú,Inchboard,sinchboardfm@free.fr
5662035039,Léone,Gosselin,mgosselinfn@e-recht24.de
2518262143,Bérangère,Frise,afrisefo@ycombinator.com
9694749619,Aí,Balaison,jbalaisonfp@chronoengine.com
9474133319,Naëlle,Northall,snorthallfq@google.cn
3467287503,Marie-noël,Whale,owhalefr@histats.com
3496655675,Andréa,Quiney,cquineyfs@xing.com
8441699158,Françoise,Dobrovsky,adobrovskyft@woothemes.com
9406420288,Clélia,Giraudel,lgiraudelfu@google.co.uk
9649605838,Médiamass,Epilet,tepiletfv@usnews.com
5323927394,Kévina,Goodings,dgoodingsfw@businesswire.com
8352003892,Lóng,Clyde,jclydefx@ehow.com
5841262553,Gösta,Marcoolyn,nmarcoolynfy@dailymail.co.uk
1116064808,Méryl,Deguara,sdeguarafz@reuters.com
3185704566,Mélys,Cheales,ichealesg0@boston.com
5123664959,Béatrice,Boaler,mboalerg1@ft.com
4047870765,Nadège,Youthed,byouthedg2@blogger.com
7685400051,Dù,Fairfoul,afairfoulg3@theguardian.com
8319076862,Lài,Titterton,stittertong4@google.it
7377714341,Hélène,Khadir,hkhadirg5@pinterest.com
2397706128,Gaétane,Northeast,mnortheastg6@virginia.edu
2111597397,Hélène,Karpets,dkarpetsg7@japanpost.jp
4075307438,Irène,Capinetti,acapinettig8@trellian.com
8235358514,Garçon,Barrows,abarrowsg9@homestead.com
5834432007,Kù,Campey,acampeyga@bbc.co.uk
4412449930,Réservés,Croughan,vcroughangb@unesco.org
3174814516,Görel,Tregidgo,gtregidgogc@latimes.com
1758438309,Illustrée,Mille,nmillegd@sbwire.com
9353298530,Loïca,Felmingham,dfelminghamge@list-manage.com
7502809468,Styrbjörn,Paffitt,cpaffittgf@t.co
4051666248,Mélissandre,Jersh,sjershgg@slideshare.net
1747422336,Cléa,Melladew,emelladewgh@china.com.cn
2658749897,Mélodie,Benediktsson,mbenediktssongi@ning.com
2794215868,Almérinda,Swale,aswalegj@wix.com
9497879398,Léonore,O'Downe,hodownegk@springer.com
7543875441,Intéressant,Figure,gfiguregl@de.vu
6601360644,Gwenaëlle,Abson,habsongm@kickstarter.com
9104236751,Clélia,Crohan,kcrohangn@paginegialle.it
2291282037,Cécilia,Attenborough,aattenboroughgo@si.edu
9761894467,Angélique,Clementel,iclementelgp@weather.com
1855226541,Lèi,Denson,cdensongq@cbc.ca
1302733859,Angélique,Jorg,sjorggr@chicagotribune.com
9559709804,Hélène,Gracewood,jgracewoodgs@jiathis.com
5065951375,Styrbjörn,Cordobes,mcordobesgt@yale.edu
5151863774,Marlène,Longridge,ilongridgegu@jiathis.com
6427828705,Mahélie,Warre,gwarregv@wikia.com
2545262590,Maïlys,Coan,dcoangw@usnews.com
4999628611,Stéphanie,Tompion,ltompiongx@ebay.co.uk
1855451714,Östen,Laurenz,mlaurenzgy@shareasale.com
2159655862,Görel,Kingscote,ckingscotegz@boston.com
6451465600,Maëlyss,Jakoviljevic,ojakoviljevich0@answers.com
4182361916,Méghane,Allsobrook,nallsobrookh1@meetup.com
4942714616,Eléa,Bessell,dbessellh2@wikispaces.com
8764468865,Camélia,Skuse,eskuseh3@parallels.com
4573890922,Esbjörn,Cunningham,bcunninghamh4@marketwatch.com
2878639099,Åslög,Holyland,jholylandh5@nih.gov
5979165454,Faîtes,Yesenin,byeseninh6@fda.gov
6742160357,Agnès,Poge,cpogeh7@boston.com
8531334805,Amélie,Ervine,gervineh8@wordpress.org
2533661927,Daphnée,Bubbings,sbubbingsh9@jimdo.com
3944020434,Fèi,Lassell,jlassellha@xing.com
3485972414,Görel,Sherville,kshervillehb@odnoklassniki.ru
7394173588,Gérald,Bladen,cbladenhc@freewebs.com
8197374615,Nadège,Addicott,aaddicotthd@exblog.jp
6677206288,Kallisté,Morrowe,emorrowehe@networksolutions.com
8532116028,Bénédicte,Rignoldes,mrignoldeshf@yellowbook.com
9528261486,Vénus,MacGauhy,lmacgauhyhg@so-net.ne.jp
4273519950,Mélinda,Gude,egudehh@biglobe.ne.jp
5939795727,Rachèle,Have,dhavehi@acquirethisname.com
3465656265,Simplifiés,Mardlin,emardlinhj@bing.com
2794553331,Ráo,Sifflett,wsiffletthk@sourceforge.net
9426123345,Solène,Kitcherside,tkitchersidehl@utexas.edu
4829087418,Tán,Mapother,hmapotherhm@booking.com
4146941061,Laïla,Paulig,rpaulighn@mtv.com
6362244477,Laurélie,Boodle,dboodleho@nature.com
1613584606,Mélanie,Kobierzycki,gkobierzyckihp@reverbnation.com
2251398316,Pò,Rumming,rrumminghq@unc.edu
1241185908,Gérald,Harcourt,zharcourthr@sciencedirect.com
5464145397,Jú,Lasham,klashamhs@apache.org
9046151407,Rébecca,Urlich,wurlichht@networksolutions.com
1767224671,Maëlyss,Cavell,gcavellhu@digg.com
5444948677,Géraldine,Glasman,bglasmanhv@mozilla.com
4358062895,Cécilia,Nelius,hneliushw@symantec.com
4009546492,Aí,Fiddyment,lfiddymenthx@abc.net.au
4254604978,Loïs,Haslum,vhaslumhy@alexa.com
4423627977,Séverine,McCoy,cmccoyhz@w3.org
9868319799,Françoise,Zecchetti,kzecchettii0@furl.net
5728569324,Mà,Goodnow,igoodnowi1@printfriendly.com
1363877155,Adélie,Cecely,ccecelyi2@fda.gov
2879335227,Ruì,Busfield,abusfieldi3@ucsd.edu
2555415239,Mén,Wadworth,awadworthi4@domainmarket.com
7796517195,Vénus,McFade,mmcfadei5@tripadvisor.com
7108535178,Joséphine,Rosterne,wrosternei6@ox.ac.uk
5053706648,Marie-josée,Enterle,renterlei7@360.cn
2306924953,Simplifiés,Titmarsh,stitmarshi8@mayoclinic.com
5343343304,Håkan,Terese,bteresei9@wunderground.com
2642486421,Rachèle,Lamberton,elambertonia@uol.com.br
2014445934,Solène,Hellmer,bhellmerib@unicef.org
7304360723,Irène,Spratley,kspratleyic@blog.com
1003217167,Félicie,McAlpine,omcalpineid@wikia.com
9071501896,Maëly,Coffee,rcoffeeie@etsy.com
6691835135,Clémentine,Jolliss,sjollissif@webeden.co.uk
4728453791,Célia,Dreinan,adreinanig@homestead.com
8723847825,Magdalène,Haddow,chaddowih@huffingtonpost.com
4015421906,Léandre,Ryson,zrysonii@vistaprint.com
5367277196,Léandre,Anwell,ianwellij@cocolog-nifty.com
7705928812,Marie-josée,Cunnell,ccunnellik@rakuten.co.jp
1574456267,Renée,Smaling,asmalingil@goodreads.com
9842907947,Fèi,Nibley,gnibleyim@php.net
7113728810,Solène,Rubinow,erubinowin@flickr.com
2594943065,Méryl,Beric,lbericio@oracle.com
2599912508,Françoise,Pitcher,tpitcherip@ovh.net
6423995775,Méline,Skoate,lskoateiq@liveinternet.ru
9033435639,Laurélie,Probert,lprobertir@gnu.org
4347127352,Mélys,Alvar,talvaris@skyrock.com
6207359947,Anaïs,Kernar,mkernarit@gov.uk
9963799843,Torbjörn,Fickling,pficklingiu@slate.com
2618288581,Judicaël,Jellett,bjellettiv@howstuffworks.com
8056050427,Loïca,Obin,jobiniw@google.cn
8395917697,Laïla,Dowdall,ddowdallix@myspace.com
5566380475,Styrbjörn,Howell,ahowelliy@flickr.com
6311986835,Médiamass,Dotterill,kdotterilliz@constantcontact.com
3076853590,Marie-françoise,Stinson,jstinsonj0@de.vu
8242855139,Liè,Winteringham,rwinteringhamj1@ovh.net
1528466187,Néhémie,Gager,hgagerj2@npr.org
8899086322,Yóu,Dacca,mdaccaj3@apache.org
6648365224,Félicie,Moggie,bmoggiej4@globo.com
7127940914,Océane,Flecknoe,iflecknoej5@meetup.com
9404603037,Maïlys,Bark,ebarkj6@ebay.com
3071113608,Cléopatre,Berrill,rberrillj7@disqus.com
6472471108,Mylène,Nicholson,gnicholsonj8@wordpress.org
3195215338,Lyséa,Dumphry,gdumphryj9@java.com
8998364972,Vénus,Divis,sdivisja@ca.gov
2501125656,Véronique,Fried,mfriedjb@wix.com
2801230983,Mén,Waistall,bwaistalljc@nba.com
2896886725,Danièle,Lorent,hlorentjd@w3.org
8311992340,Anaël,Vittery,jvitteryje@state.gov
5187108889,Loïs,Cockings,bcockingsjf@nationalgeographic.com
7494807489,Maëlla,Haseldine,dhaseldinejg@guardian.co.uk
1255970741,Uò,Mariet,cmarietjh@vinaora.com
4078415837,Marylène,Errichi,herrichiji@businessweek.com
9482910867,Rébecca,Birchill,obirchilljj@youtu.be
5599828354,Camélia,Cockerham,kcockerhamjk@forbes.com
9489968524,Torbjörn,Glackin,jglackinjl@cnn.com
1841547542,Laïla,Geldart,sgeldartjm@techcrunch.com
6283117659,Edmée,Peatman,epeatmanjn@163.com
8443462379,Cunégonde,Allberry,mallberryjo@geocities.com
4725281587,Alizée,Gallone,ggallonejp@va.gov
4756284729,Maïwenn,Lamplugh,dlamplughjq@answers.com
7174577273,Véronique,Canet,vcanetjr@xinhuanet.com
5943703269,Mélia,McCloughlin,tmccloughlinjs@behance.net
9029412344,Liè,Hatfield,lhatfieldjt@home.pl
3044203537,Estève,Egger,seggerju@disqus.com
2132444951,Stéphanie,Melby,smelbyjv@google.ru
8833229017,Réjane,Bricham,kbrichamjw@rambler.ru
7272315521,Inès,Feeley,gfeeleyjx@about.com
3457432460,Wá,Figg,afiggjy@bigcartel.com
1118256416,Fèi,Fist,tfistjz@microsoft.com
2455217715,Yáo,Storcke,nstorckek0@a8.net
8406225019,Estève,Berndtssen,nberndtssenk1@feedburner.com
2831638462,Gösta,Mattioli,wmattiolik2@bluehost.com
7876636211,Salomé,Ewbanche,bewbanchek3@a8.net
1275144655,Bécassine,Linge,alingek4@youku.com
9867646567,Åslög,Rookes,erookesk5@cbslocal.com
5678506525,Ruò,Grigaut,agrigautk6@auda.org.au
7751703548,Sòng,Seville,rsevillek7@discuz.net
8299928060,Adélie,Boarleyson,rboarleysonk8@freewebs.com
6191409560,Athéna,Millyard,bmillyardk9@oaic.gov.au
9732429795,Andrée,Pearsey,rpearseyka@indiegogo.com
9812074885,Laïla,Mudie,mmudiekb@theglobeandmail.com
6385901934,Annotés,Boylan,gboylankc@mail.ru
6394595057,Anaé,Jouhan,pjouhankd@soup.io
8025122511,Magdalène,Penylton,npenyltonke@princeton.edu
1203783520,Clélia,Druitt,adruittkf@blogs.com
4361277465,Réservés,Ondrousek,condrousekkg@istockphoto.com
4963979203,Desirée,Rassmann,srassmannkh@bloomberg.com
1604188439,Mélina,Mechic,rmechicki@tripadvisor.com
2623868458,Örjan,Armin,larminkj@amazonaws.com
5596768912,Marie-hélène,Reaper,sreaperkk@census.gov
6231321971,Björn,Piggens,apiggenskl@amazon.de
6163399036,Marie-françoise,Denyukin,ldenyukinkm@cdc.gov
3771553642,Marie-hélène,Torres,ttorreskn@dailymotion.com
9013498949,Gwenaëlle,Jachimiak,ijachimiakko@bigcartel.com
5271674077,Noémie,Atkirk,catkirkkp@prweb.com
4396080353,Torbjörn,Siggens,csiggenskq@nyu.edu
5566602570,Sòng,Avrahamov,davrahamovkr@bbb.org
5594585192,Adélaïde,Sextie,tsextieks@unc.edu
2799008904,Gaëlle,Charge,dchargekt@msu.edu
7319725537,Åslög,Stolle,dstolleku@si.edu
8568110154,Sòng,McArthur,bmcarthurkv@friendfeed.com
7734893733,Dorothée,Crowdson,ccrowdsonkw@utexas.edu
3966259516,Réservés,Lindley,blindleykx@phpbb.com
2529039966,Mélina,Matantsev,rmatantsevky@uol.com.br
2672765276,Aurélie,Turbefield,lturbefieldkz@yahoo.com
4616993429,Angélique,Roderighi,wroderighil0@wufoo.com
1346109079,Illustrée,Clelland,bclellandl1@bizjournals.com
6944770169,Ophélie,Desborough,adesboroughl2@yahoo.com
5923470130,Ruò,Bolderstone,abolderstonel3@github.io
9239626268,Marie-josée,Laight,elaightl4@slideshare.net
8447226557,Kù,Haycroft,whaycroftl5@mysql.com
3007635046,Ruò,Clooney,bclooneyl6@mozilla.org
1333278646,Daphnée,MacCallester,bmaccallesterl7@edublogs.org
6227449845,Publicité,Paroni,gparonil8@cmu.edu
7183659451,Kallisté,Cases,hcasesl9@psu.edu
3703361873,Léone,Barwis,mbarwisla@netvibes.com
1203397050,Tán,Cutress,scutresslb@domainmarket.com
6817564689,Laurène,Parks,mparkslc@desdev.cn
5261755688,Réservés,Orritt,jorrittld@digg.com
7855233892,Mylène,Shapiro,cshapirole@soundcloud.com
4304463463,Laurène,Puckham,dpuckhamlf@eventbrite.com
3311199796,Daphnée,Harper,jharperlg@163.com
1318824108,Yè,Stuchburie,mstuchburielh@alexa.com
6105345781,Françoise,Ingles,ainglesli@fda.gov
9161078022,Marie-thérèse,Blaydes,lblaydeslj@macromedia.com
4686841946,Eléa,Robet,vrobetlk@example.com
6728697905,Marie-françoise,Lozano,plozanoll@edublogs.org
2443644979,Loïc,Trudgian,btrudgianlm@wunderground.com
8622258843,Aí,Horbath,nhorbathln@facebook.com
3488795460,Océane,Everly,severlylo@newsvine.com
8051970766,Inès,Roubert,jroubertlp@webmd.com
3953674324,Méng,Lisimore,dlisimorelq@hibu.com
8523378582,Pål,Leathlay,bleathlaylr@microsoft.com
3022628891,Bérénice,Knightsbridge,hknightsbridgels@google.pl
8656555571,Joséphine,Potell,tpotelllt@jigsy.com
3136280355,Björn,Summerbell,isummerbelllu@biglobe.ne.jp
7934789878,Clémentine,Collister,scollisterlv@vistaprint.com
2521429416,Aimée,Heaton,aheatonlw@buzzfeed.com
6702038830,Célia,Polding,epoldinglx@shinystat.com
5168518805,Méghane,Gromley,pgromleyly@nytimes.com
2884635355,Solène,Comley,icomleylz@tripod.com
5735520759,Ophélie,Neaverson,jneaversonm0@posterous.com
4173204724,Solène,Nucciotti,cnucciottim1@example.com
9319219869,Gaïa,Castilljo,jcastilljom2@google.com.au
9548529285,Laïla,McConachie,umcconachiem3@harvard.edu
3729251840,Mélinda,Ivoshin,mivoshinm4@cafepress.com
2337745830,Céline,Stooke,astookem5@hexun.com
8197816783,Görel,McGinlay,smcginlaym6@google.com.hk
9796303805,Marie-françoise,O' Mullan,nomullanm7@instagram.com
8011357486,Magdalène,Petel,epetelm8@washington.edu
2521139422,Marie-ève,Bakhrushin,pbakhrushinm9@plala.or.jp
7813770627,Märta,Denty,adentyma@quantcast.com
8692186702,Estève,Bakewell,tbakewellmb@google.com.au
2056842716,Noémie,Dradey,kdradeymc@soundcloud.com
7502599939,Björn,Tirrell,ctirrellmd@wired.com
5534166722,Françoise,Geldeford,ageldefordme@home.pl
8865415198,Nadège,Francesconi,efrancesconimf@comcast.net
9608747206,Mélodie,Eldred,reldredmg@house.gov
1855907233,Mélina,Ravenscraft,mravenscraftmh@aboutads.info
4859430297,Estève,Rozsa,lrozsami@mayoclinic.com
9938891884,Maëlann,Mayne,pmaynemj@imageshack.us
6868214248,Marie-thérèse,Romi,bromimk@friendfeed.com
3813147175,Dù,Sedgmond,gsedgmondml@storify.com
4307963855,Clélia,Penddreth,mpenddrethmm@moonfruit.com
3616185934,Måns,Livermore,jlivermoremn@ustream.tv
5847862027,Chloé,Jakubczyk,ljakubczykmo@people.com.cn
6013808679,André,Treffrey,ptreffreymp@instagram.com
3312540079,Lèi,Sparrowe,rsparrowemq@arizona.edu
1713423446,Östen,Fulmen,mfulmenmr@homestead.com
8795084328,Gaïa,Sheere,dsheerems@accuweather.com
1894216629,Liè,Cod,dcodmt@devhub.com
9154675349,Maëlyss,Hallick,ghallickmu@washington.edu
6564722817,Méghane,Littlewood,klittlewoodmv@xrea.com
5652700025,Bérénice,Sapshed,asapshedmw@comcast.net
4074062333,Mà,Lockton,llocktonmx@disqus.com
4743201664,Dorothée,Crayke,hcraykemy@ca.gov
5503035858,Sòng,Giannazzi,sgiannazzimz@hao123.com
7378900675,Mårten,Sevitt,isevittn0@sciencedirect.com
6219491136,Táng,Gudeman,agudemann1@cloudflare.com
4012209751,Amélie,Ambrois,nambroisn2@hp.com
9689450431,Hélèna,Meletti,mmelettin3@last.fm
3143252136,Eugénie,Creaven,fcreavenn4@ebay.com
2792831083,Maïté,Dayton,bdaytonn5@irs.gov
7738318401,Pénélope,St. Paul,dstpauln6@who.int
2032503445,Dà,Aimer,daimern7@time.com
8861071565,Méthode,Cuttell,acuttelln8@facebook.com
2843303937,Mélys,Hearnah,dhearnahn9@china.com.cn
2021457219,Eliès,Roof,aroofna@twitter.com
4316722511,Audréanne,Allery,lallerynb@twitpic.com
8018992161,Valérie,Altofts,oaltoftsnc@hp.com
8571537792,Nadège,Coll,scollnd@washingtonpost.com
6333081136,Bérénice,Hoys,mhoysne@ted.com
8625061473,Céline,Fernie,gfernienf@de.vu
6831016554,Maëline,Matisoff,tmatisoffng@nps.gov
6221850247,Örjan,Sallis,hsallisnh@ucoz.com
6382216454,Régine,Tomaello,rtomaelloni@phoca.cz
2045044726,Personnalisée,Yair,nyairnj@oaic.gov.au
7015594462,Maëlle,Paget,wpagetnk@barnesandnoble.com
8353373244,Salomé,Le land,mlelandnl@parallels.com
8672655520,Intéressant,Marfell,tmarfellnm@smugmug.com
7246082605,Marie-hélène,Elland,wellandnn@census.gov
3164999122,Loïs,Stride,lstrideno@nih.gov
8127006194,Fèi,Foan,dfoannp@arstechnica.com
3705954170,Dà,Laydon,mlaydonnq@icq.com
9335289119,Béatrice,Gresham,tgreshamnr@macromedia.com
3143403666,Josée,Larrosa,clarrosans@virginia.edu
6722418301,Véronique,Breckon,vbreckonnt@shutterfly.com
7722400641,Cunégonde,Blinckhorne,kblinckhornenu@ifeng.com
3884710053,Célia,Cradock,fcradocknv@timesonline.co.uk
7696679181,Josée,Troop,atroopnw@sciencedaily.com
8006079924,Yóu,Lawty,flawtynx@netscape.com
3854114493,Cléa,Waldrum,fwaldrumny@sciencedaily.com
7979166271,Marlène,Levick,glevicknz@vk.com
2652962409,Eliès,Mueller,bmuellero0@domainmarket.com
4982277017,Marie-josée,Winman,twinmano1@springer.com
2591712508,Cécile,Keiling,akeilingo2@fotki.com
5307654407,Irène,Cotterell,ecotterello3@tripod.com
4543615181,Mén,Greave,egreaveo4@columbia.edu
4512252737,Michèle,Wotton,jwottono5@pcworld.com
4225653399,Léonie,Sacher,ysachero6@china.com.cn
7205969947,Maïté,Lochrie,llochrieo7@yellowbook.com
6948719132,Loïca,Glasscoe,cglasscoeo8@tuttocitta.it
8479226220,Nélie,Abramsky,nabramskyo9@un.org
2194726978,Mélanie,Golthorpp,igolthorppoa@seesaa.net
9707232327,Mégane,Spraggs,cspraggsob@yahoo.co.jp
6922799212,Solène,Moral,mmoraloc@ask.com
4038031655,Mén,Hanlin,ehanlinod@flavors.me
3085035548,Alizée,Goodacre,igoodacreoe@marketwatch.com
6979002516,Thérèsa,Fears,mfearsof@shutterfly.com
3945192844,Eugénie,Gatrell,lgatrellog@dell.com
7343187544,Garçon,Gimblett,lgimblettoh@msu.edu
4667991386,Zhì,Heyward,aheywardoi@narod.ru
2214016691,Dafnée,Proffer,jprofferoj@joomla.org
6249342984,Nuó,Camber,ecamberok@g.co
3997311210,Aí,Lightman,blightmanol@mediafire.com
7133664038,Loïca,Fidgett,afidgettom@soundcloud.com
7089263766,Adèle,Stanfield,istanfieldon@nps.gov
8703675033,Noémie,Trenchard,ktrenchardoo@dropbox.com
5042871181,Valérie,Ormond,yormondop@nationalgeographic.com
8209128255,Léone,Herity,hherityoq@stumbleupon.com
4151222947,Marie-thérèse,Pitcaithley,fpitcaithleyor@uol.com.br
9638910189,Mén,Biever,obieveros@cyberchimps.com
4172979576,Irène,Danielou,cdanielouot@ocn.ne.jp
6528555939,Fèi,Pybus,jpybusou@phpbb.com
3084863581,Mélissandre,Ather,latherov@fda.gov
2535503047,Cléa,Will,twillow@nifty.com
7872868785,Clémence,Enser,benserox@deliciousdays.com
7068713110,Dorothée,Vipan,svipanoy@tumblr.com
7414435985,Stévina,Panichelli,ppanichellioz@abc.net.au
2324795132,Géraldine,Kynd,tkyndp0@mozilla.org
8623898855,Océane,Boeck,eboeckp1@salon.com
8275345796,Danièle,Lochhead,hlochheadp2@sun.com
2532060307,Håkan,MacVean,tmacveanp3@marketwatch.com
3182619635,Ophélie,Abeles,jabelesp4@smugmug.com
5554146053,Anaël,Fluin,efluinp5@abc.net.au
7247317741,Vérane,Lorant,tlorantp6@shareasale.com
4941890137,Aimée,Storrie,sstorriep7@blogs.com
7482685883,Clélia,Buxey,lbuxeyp8@addthis.com
4028764005,Laïla,Charrier,acharrierp9@unblog.fr
4828158360,Crééz,Campsall,mcampsallpa@reuters.com
6267584455,Réjane,Trengrove,ptrengrovepb@indiegogo.com
4643624858,Mén,Ioan,sioanpc@wikimedia.org
2948696474,Almérinda,Bernardini,ebernardinipd@redcross.org
7337253449,Märta,Latek,jlatekpe@icq.com
5849092344,Cunégonde,McCracken,mmccrackenpf@ed.gov
5169948504,Noëlla,Raselles,prasellespg@topsy.com
3691216945,Yú,Mansel,amanselph@statcounter.com
8657224665,Josée,Ahmad,bahmadpi@jalbum.net
2671920256,Cunégonde,Canby,scanbypj@eventbrite.com
2723794926,Mélanie,Cicculi,bcicculipk@deviantart.com
7083251352,Måns,Jean,kjeanpl@cam.ac.uk
4412049442,Méline,Van Der Straaten,wvanderstraatenpm@istockphoto.com
3731353676,Laurène,Footer,sfooterpn@marketwatch.com
8017086138,Danièle,Marcroft,mmarcroftpo@nature.com
1218355966,Mélia,Jeffree,pjeffreepp@xing.com
3274886196,Josée,Rishbrook,mrishbrookpq@jiathis.com
5024460539,Nuó,Tatnell,htatnellpr@rakuten.co.jp
1569147476,Björn,Meineck,rmeineckps@wikia.com
5734206259,Maï,De Atta,bdeattapt@parallels.com
8609125291,Maéna,Price,mpricepu@cbsnews.com
1119647312,Cléa,Kerford,ykerfordpv@google.com.hk
5184032194,Eloïse,Toll,ttollpw@eepurl.com
5114790323,Gisèle,Nowell,bnowellpx@cargocollective.com
3967799516,Anaé,Bauduccio,cbauducciopy@arstechnica.com
5149550287,Stéphanie,Pittel,epittelpz@cdbaby.com
6598385970,Estée,Woollacott,swoollacottq0@baidu.com
6551995597,Erwéi,Lovelace,jlovelaceq1@a8.net
9178443087,Sòng,Culy,lculyq2@taobao.com
5614853563,Zoé,Fritter,mfritterq3@theglobeandmail.com
8907979125,Clémence,Mowatt,mmowattq4@jugem.jp
7996921115,Dorothée,Carncross,bcarncrossq5@patch.com
5875707908,Lài,Spurdens,dspurdensq6@google.co.uk
4346584310,Stévina,Gerbl,kgerblq7@dyndns.org
8896272144,Pénélope,Gansbuhler,agansbuhlerq8@fotki.com
9496478516,Maëlla,Kilbourne,mkilbourneq9@miitbeian.gov.cn
5004818038,Lauréna,Monnelly,emonnellyqa@pbs.org
1541921023,Wá,Latter,nlatterqb@uol.com.br
2364574442,Bénédicte,Reeks,breeksqc@google.cn
7024962441,Joséphine,Warrington,swarringtonqd@businessinsider.com
9051081217,Noémie,Duffan,hduffanqe@prweb.com
8822922651,Görel,Konke,bkonkeqf@chronoengine.com
4369199358,Camélia,Jenyns,ejenynsqg@loc.gov
1433267973,Aloïs,Bury,jburyqh@ted.com
7458271672,Michèle,Jarad,cjaradqi@last.fm
2106578745,Aloïs,Yakobovitz,ayakobovitzqj@sciencedirect.com
1998976906,Maëlys,Hoyes,ghoyesqk@abc.net.au
3986230456,Océanne,Rolinson,drolinsonql@infoseek.co.jp
1682239780,Andréanne,Eisak,deisakqm@eventbrite.com
2202955011,Salomé,Pedrielli,cpedrielliqn@businessweek.com
9791901714,Aloïs,Tern,cternqo@abc.net.au
2708182971,Daphnée,Burbridge,pburbridgeqp@opera.com
4436306260,Yóu,Tivolier,ktivolierqq@si.edu
5102202674,Maëly,Graine,egraineqr@youtu.be
9594434832,Océanne,Le Breton,klebretonqs@theguardian.com
2947999625,Athéna,Poge,mpogeqt@timesonline.co.uk
3333145860,Yénora,Rahlof,mrahlofqu@about.com
1618186534,Göran,Bontine,gbontineqv@disqus.com
4432982064,Kévina,Marjoram,dmarjoramqw@msn.com
6783125211,Laurélie,Forst,bforstqx@technorati.com
3769485325,Gaétane,Deeman,ddeemanqy@wordpress.org
3316874900,Magdalène,Moxon,cmoxonqz@mozilla.org
9519420819,Yóu,Pickton,ipicktonr0@goo.ne.jp
1471774327,Aloïs,Upfold,fupfoldr1@nytimes.com
7617141322,Gösta,Kiss,tkissr2@symantec.com
3179704893,Océanne,Pinckney,fpinckneyr3@hostgator.com
8097768030,Aurélie,Niemiec,dniemiecr4@pen.io
7763079735,Cécile,Puddefoot,bpuddefootr5@discuz.net
2174112878,Maïlys,McKag,cmckagr6@odnoklassniki.ru
6609471769,Adélie,Wannan,swannanr7@seesaa.net
2951523975,Lyséa,Breton,kbretonr8@g.co
5844118893,Félicie,Hatton,ahattonr9@webs.com
9306684222,Marlène,Falkingham,gfalkinghamra@businessinsider.com
8446561266,Géraldine,Camelia,dcameliarb@biglobe.ne.jp
4171456903,Cécile,Tolcher,itolcherrc@skype.com
2798544125,Eléonore,Harries,mharriesrd@walmart.com
7825800443,Camélia,Anthony,aanthonyre@nature.com
4243591466,Pélagie,Janos,gjanosrf@hc360.com
6428491415,Naëlle,Espinos,lespinosrg@globo.com
5249349089,Danièle,Malletratt,smalletrattrh@bing.com
5957728671,Cinéma,Halbard,bhalbardri@mashable.com
5396425762,Eugénie,Twaite,itwaiterj@indiatimes.com
1192456253,Stévina,Palffy,opalffyrk@usgs.gov
6262077944,Mélodie,Godart,lgodartrl@theguardian.com
5291990980,Irène,Diplock,adiplockrm@edublogs.org
7655226249,Mégane,Kupka,ckupkarn@bloomberg.com
4171067006,Rébecca,Mould,lmouldro@exblog.jp
5093332573,Estève,Leger,mlegerrp@pbs.org
2249410291,Amélie,Worcester,gworcesterrq@cargocollective.com
2914953038,Maïly,Licas,blicasrr@army.mil
